{
    "version": 1,
    "author": "fifi",
    "editor": "wokwi",
    "parts": [
      { "type": "board-esp32-devkit-c-v4", "id": "esp", "top": -28.8, "left": -273.56, "attrs": {} },
      { "type": "wokwi-relay-module", "id": "relay1", "top": -86.2, "left": -9.6, "attrs": {} },
      {
        "type": "wokwi-pushbutton",
        "id": "btn1",
        "top": 54.2,
        "left": -67.2,
        "attrs": { "color": "green", "xray": "1" }
      },
      {
        "type": "wokwi-led",
        "id": "led1",
        "top": 73.2,
        "left": -159.4,
        "attrs": { "color": "blue" }
      }
    ],
    "connections": [
      [ "esp:TX", "$serialMonitor:RX", "", [] ],
      [ "esp:RX", "$serialMonitor:TX", "", [] ],
      [ "relay1:VCC", "esp:3V3", "red", [ "h-259.2", "v67.2" ] ],
      [ "relay1:GND", "esp:GND.2", "black", [ "h-163.2", "v57.2" ] ],
      [ "relay1:IN", "esp:23", "green", [ "h-134.4", "v57.4" ] ],
      [ "btn1:1.l", "esp:19", "green", [ "h-105.6" ] ],
      [ "btn1:2.l", "esp:GND.2", "green", [ "h-48", "v-86.2" ] ],
      [ "led1:A", "esp:18", "green", [ "h9.6", "v-38.4" ] ],
      [ "led1:C", "esp:GND.2", "green", [ "v19.2", "h58", "v-134.4" ] ]
    ],
    "dependencies": {}
  }