{
  "version": 1,
  "author": "fifi",
  "editor": "wokwi",
  "parts": [
    { "type": "board-esp32-devkit-c-v4", "id": "esp", "top": 0, "left": -81.56, "attrs": {} },
    { "type": "wokwi-hc-sr04", "id": "ultrasonic1", "top": -36.9, "left": 53.5, "attrs": {} }
  ],
  "connections": [
    [ "esp:TX", "$serialMonitor:RX", "", [] ],
    [ "esp:RX", "$serialMonitor:TX", "", [] ],
    [ "ultrasonic1:VCC", "esp:5V", "red", [ "v172.8", "h-201.75" ] ],
    [ "ultrasonic1:TRIG", "esp:5", "green", [ "v0" ] ],
    [
      "ultrasonic1:GND",
      "esp:GND.2",
      "black",
      [ "v28.8", "h-58.8", "v-28.8", "h-57.6", "v-28.8" ]
    ],
    [ "ultrasonic1:ECHO", "esp:13", "green", [ "v192", "h-279.2", "v-86.4" ] ]
  ],
  "dependencies": {}
}