{
    "version": 1,
    "author": "fifi",
    "editor": "wokwi",
    "parts": [
      { "type": "board-esp32-devkit-c-v4", "id": "esp", "top": 0, "left": 0, "attrs": {} },
      {
        "type": "wokwi-led",
        "id": "led1",
        "top": 15.6,
        "left": -121,
        "attrs": { "color": "green" }
      },
      {
        "type": "wokwi-led",
        "id": "led2",
        "top": 15.6,
        "left": -178.6,
        "attrs": { "color": "yellow" }
      },
      {
        "type": "wokwi-led",
        "id": "led3",
        "top": 15.6,
        "left": -236.2,
        "attrs": { "color": "red" }
      }
    ],
    "connections": [
      [ "esp:TX", "$serialMonitor:RX", "", [] ],
      [ "esp:RX", "$serialMonitor:TX", "", [] ],
      [ "led1:C", "esp:GND.1", "green", [ "v96", "h106" ] ],
      [ "led1:A", "esp:33", "green", [ "v38.4", "h105.6" ] ],
      [ "led2:C", "esp:GND.1", "green", [ "v96", "h163.6" ] ],
      [ "led2:A", "esp:26", "green", [ "v57.6", "h153.6" ] ],
      [ "led3:C", "esp:GND.1", "green", [ "v96", "h202" ] ],
      [ "led3:A", "esp:14", "green", [ "v0" ] ]
    ],
    "dependencies": {}
  
    
  }