{
    "version": 1,
    "author": "fifi",
    "editor": "wokwi",
    "parts": [
      { "type": "board-esp32-devkit-c-v4", "id": "esp", "top": 0, "left": 0, "attrs": {} },
      { "type": "wokwi-dht22", "id": "dht1", "top": -105.3, "left": -226.2, "attrs": {} }
    ],
    "connections": [
      [ "esp:TX", "$serialMonitor:RX", "", [] ],
      [ "esp:RX", "$serialMonitor:TX", "", [] ],
      [ "dht1:VCC", "esp:3V3", "red", [ "v19.2", "h211.2" ] ],
      [ "dht1:SDA", "esp:27", "green", [ "v115.2", "h201.7" ] ],
      [ "dht1:GND", "esp:GND.1", "black", [ "v144", "h182.4" ] ]
    ],
    "dependencies": {}
  }